<?xml version="1.0" encoding="UTF-8"?>
<!DOCTYPE generatorConfiguration
        PUBLIC "-//mybatis.org//DTD MyBatis Generator Configuration 1.0//EN"
        "http://mybatis.org/dtd/mybatis-generator-config_1_0.dtd">

<generatorConfiguration>
    <context id="sqlserverTables" targetRuntime="MyBatis3">
        <!-- 为了防止生成的代码中有很多注释，比较难看，加入下面的配置控制  -->
        <!-- &lt;!&ndash; 是否去除自动生成的注释 true：是 ： false:否 &ndash;&gt; -->
        <commentGenerator>
            <property name="suppressDate" value="true"/>
            <property name="suppressAllComments" value="true"/>
        </commentGenerator>
        <!-- 注释控制完毕 -->
        <jdbcConnection driverClass="com.mysql.jdbc.Driver"
                        connectionURL="jdbc:mysql://localhost:3306/jewelry_manager"
                        userId="root"
                        password="123">

        </jdbcConnection>

        <javaTypeResolver>
            <property name="forceBigDecimals" value="false"/>
        </javaTypeResolver>

        <javaModelGenerator targetPackage="org.bdyy.jewelry.pojo" targetProject="src/main/java">
            <property name="enableSubPackages" value="true"/>
            <property name="trimStrings" value="true"/>
        </javaModelGenerator>

        <sqlMapGenerator targetPackage="mapper" targetProject="src/main/resources">
            <property name="enableSubPackages" value="true"/>
        </sqlMapGenerator>

        <javaClientGenerator type="XMLMAPPER" targetPackage="org.bdyy.jewelry.dao" targetProject="src/main/java">
            <property name="enableSubPackages" value="true"/>
        </javaClientGenerator>
        <!-- 指定数据库表 -->
        <table tableName="user"></table>
        <table tableName="unit"></table>
        <table tableName="texture"></table>
        <table tableName="currency"></table>
        <table tableName="finished_product"></table>
        <table tableName="finished_product_broad_heading"></table>
        <table tableName="finished_product_currency"></table>
        <table tableName="finished_product_discern"></table>
        <table tableName="finished_product_subclass"></table>
        <table tableName="finished_product_texture"></table>
        <table tableName="finished_product_type"></table>
        <table tableName="finished_product_unit"></table>
    </context>
</generatorConfiguration>
